{
  "project_info": {
    "project_number": "943712973404",
    "firebase_url": "https://classquiz-9b008.firebaseio.com",
    "project_id": "classquiz-9b008",
    "storage_bucket": "classquiz-9b008.appspot.com"
  },
  "client": [
    {
      "client_info": {
        "mobilesdk_app_id": "1:943712973404:android:3c3f3e819b095ec3",
        "android_client_info": {
          "package_name": "com.Envast.KidsQuiz"
        }
      },
      "oauth_client": [
        {
          "client_id": "943712973404-6jjhmbh157aj2t530ud216867im6hg0m.apps.googleusercontent.com",
          "client_type": 1,
          "android_info": {
            "package_name": "com.Envast.KidsQuiz",
            "certificate_hash": "e546e0a93a5e9e14a6f44bf3d655319ff2cdaaf0"
          }
        },
        {
          "client_id": "943712973404-prklkjsderbljvikmm7rqq48llgsjm1m.apps.googleusercontent.com",
          "client_type": 3
        }
      ],
      "api_key": [
        {
          "current_key": "AIzaSyB87PFuyWLgUEBiX6EVSMCcvCT_WbgTvFQ"
        }
      ],
      "services": {
        "appinvite_service": {
          "other_platform_oauth_client": [
            {
              "client_id": "943712973404-obq8qvak2t25oj2kaqafeb2671uvme1u.apps.googleusercontent.com",
              "client_type": 3
            },
            {
              "client_id": "943712973404-qigktfvikifjo7ud7to01luoof5gdo7m.apps.googleusercontent.com",
              "client_type": 2,
              "ios_info": {
                "bundle_id": "com.Envast.ClassQuiz"
              }
            }
          ]
        }
      }
    },
    {
      "client_info": {
        "mobilesdk_app_id": "1:943712973404:android:9334c1fdc3f295a751ac99",
        "android_client_info": {
          "package_name": "com.Envast.KidsQuiz.huawei"
        }
      },
      "oauth_client": [
        {
          "client_id": "943712973404-97slvrrtk8kq52pj0kup0kmein4pfdgt.apps.googleusercontent.com",
          "client_type": 1,
          "android_info": {
            "package_name": "com.Envast.KidsQuiz.huawei",
            "certificate_hash": "e546e0a93a5e9e14a6f44bf3d655319ff2cdaaf0"
          }
        },
        {
          "client_id": "943712973404-prklkjsderbljvikmm7rqq48llgsjm1m.apps.googleusercontent.com",
          "client_type": 3
        }
      ],
      "api_key": [
        {
          "current_key": "AIzaSyB87PFuyWLgUEBiX6EVSMCcvCT_WbgTvFQ"
        }
      ],
      "services": {
        "appinvite_service": {
          "other_platform_oauth_client": [
            {
              "client_id": "943712973404-obq8qvak2t25oj2kaqafeb2671uvme1u.apps.googleusercontent.com",
              "client_type": 3
            },
            {
              "client_id": "943712973404-qigktfvikifjo7ud7to01luoof5gdo7m.apps.googleusercontent.com",
              "client_type": 2,
              "ios_info": {
                "bundle_id": "com.Envast.ClassQuiz"
              }
            }
          ]
        }
      }
    }
  ],
  "configuration_version": "1"
}