<linker>
  <assembly fullname="Assembly-CSharp, Version=0.0.0.0, Culture=neutral, PublicKeyToken=null">
    <type fullname="Envast.Addons.EGGA.UPersian.Scripts.Components.RtlText" preserve="all" />
    <type fullname="Envast.Addons.Recyclable_Scroll_Rect.Main.Scripts.RecyclableScrollRect" preserve="all" />
    <type fullname="Envast.Assets.Scripts.Components.MainWordsInspector" preserve="all" />
    <type fullname="Envast.Assets.Scripts.Components.WordsGenerator" preserve="all" />
    <type fullname="Envast.Components.AnimationButton" preserve="all" />
    <type fullname="Envast.Components.AudioAnimation" preserve="all" />
    <type fullname="Envast.Components.Authentication.ForgotPassword.ResetPasswordDialog" preserve="all" />
    <type fullname="Envast.Components.BackgroundStretch" preserve="all" />
    <type fullname="Envast.Components.BoardGenerator" preserve="all" />
    <type fullname="Envast.Components.BoardHolder" preserve="all" />
    <type fullname="Envast.Components.BoardInspector" preserve="all" />
    <type fullname="Envast.Components.Competition.MobileWebView" preserve="all" />
    <type fullname="Envast.Components.CurvedLineRenderer" preserve="all" />
    <type fullname="Envast.Components.CustomInputFieldPassword" preserve="all" />
    <type fullname="Envast.Components.CustomSizeFitter" preserve="all" />
    <type fullname="Envast.Components.DropDown.CustomDropDown" preserve="all" />
    <type fullname="Envast.Components.DropDown.CustomDropDownItem" preserve="all" />
    <type fullname="Envast.Components.GridLayout.CustomGridLayout" preserve="all" />
    <type fullname="Envast.Components.HideShowButton" preserve="all" />
    <type fullname="Envast.Components.ImageZoomElement" preserve="all" />
    <type fullname="Envast.Components.Interpolate" preserve="all" />
    <type fullname="Envast.Components.MLElement" preserve="all" />
    <type fullname="Envast.Components.MultiStyleText" preserve="all" />
    <type fullname="Envast.Components.PopAnimation" preserve="all" />
    <type fullname="Envast.Components.ProfilePanel.AvatarIconScrollerCell" preserve="all" />
    <type fullname="Envast.Components.ProfilePanel.AvatarSelectDialog" preserve="all" />
    <type fullname="Envast.Components.QFImageButton" preserve="all" />
    <type fullname="Envast.Components.QuizoAdditionalData" preserve="all" />
    <type fullname="Envast.Components.QuizoPreview" preserve="all" />
    <type fullname="Envast.Components.QuizoPreviewRenderer" preserve="all" />
    <type fullname="Envast.Components.SelectQuizoButton" preserve="all" />
    <type fullname="Envast.Components.SelectQuizoDialog" preserve="all" />
    <type fullname="Envast.Components.SoundButton" preserve="all" />
    <type fullname="Envast.Components.StatusMark" preserve="all" />
    <type fullname="Envast.Components.StylizedInputField" preserve="all" />
    <type fullname="Envast.Components.WordsHolder" preserve="all" />
    <type fullname="Envast.Components.WordTypeToggleButton" preserve="all" />
    <type fullname="Envast.Controllers.LayoutElement" preserve="all" />
    <type fullname="Envast.DeleteAccountDialog" preserve="all" />
    <type fullname="Envast.Extensions.EGGA.UPersian.Scripts.EGG" preserve="all" />
    <type fullname="Envast.FontField" preserve="all" />
    <type fullname="Envast.GraduationDialog" preserve="all" />
    <type fullname="Envast.LanguageSetter" preserve="all" />
    <type fullname="Envast.Prefabs.App.CommonPrefabs.Blocks.WriteWordBlocks.LetterBlock" preserve="all" />
    <type fullname="Envast.StaticDataSaver" preserve="all" />
    <type fullname="Envast.TEXDraw.CustomRTL.Scripts.CustomRTL" preserve="all" />
    <type fullname="Envast.Views.Blocks.Concrete.ArrowBlock" preserve="all" />
    <type fullname="Envast.Views.Blocks.Concrete.ArrowButton" preserve="all" />
    <type fullname="Envast.Views.Blocks.Concrete.CaseBlock" preserve="all" />
    <type fullname="Envast.Views.Blocks.Concrete.CharacterInputBlock" preserve="all" />
    <type fullname="Envast.Views.Blocks.Concrete.ColumnBlock" preserve="all" />
    <type fullname="Envast.Views.Blocks.Concrete.CompleteParagraphBlock.DraggableParagraphBlock" preserve="all" />
    <type fullname="Envast.Views.Blocks.Concrete.CompleteParagraphBlock.InputParagraphElement" preserve="all" />
    <type fullname="Envast.Views.Blocks.Concrete.CompleteParagraphBlock.SlotParagraphBlock" preserve="all" />
    <type fullname="Envast.Views.Blocks.Concrete.CompleteParagraphBlock.StaticParagraphBlock" preserve="all" />
    <type fullname="Envast.Views.Blocks.Concrete.ConnectImageBlock" preserve="all" />
    <type fullname="Envast.Views.Blocks.Concrete.ConnectImageTextBlock.ConnectBlock" preserve="all" />
    <type fullname="Envast.Views.Blocks.Concrete.ConnectImageTextBlock.ImageConnectBlock" preserve="all" />
    <type fullname="Envast.Views.Blocks.Concrete.ConnectPhraseBlock" preserve="all" />
    <type fullname="Envast.Views.Blocks.Concrete.DialogBlock" preserve="all" />
    <type fullname="Envast.Views.Blocks.Concrete.DisassembleSentence.DraggableSeparatorBlock" preserve="all" />
    <type fullname="Envast.Views.Blocks.Concrete.DisassembleSentence.SlotSeparatorBlock" preserve="all" />
    <type fullname="Envast.Views.Blocks.Concrete.DisassembleSentence.StaticSentenceBlock" preserve="all" />
    <type fullname="Envast.Views.Blocks.Concrete.DragAnswerBlocksHolder" preserve="all" />
    <type fullname="Envast.Views.Blocks.Concrete.DraggableBlock" preserve="all" />
    <type fullname="Envast.Views.Blocks.Concrete.DraggableImage" preserve="all" />
    <type fullname="Envast.Views.Blocks.Concrete.DragImage.DraggableOption" preserve="all" />
    <type fullname="Envast.Views.Blocks.Concrete.DragImage.DragImageBlock" preserve="all" />
    <type fullname="Envast.Views.Blocks.Concrete.DragImage.DragNumberBlock" preserve="all" />
    <type fullname="Envast.Views.Blocks.Concrete.DragImage.SelectableDragZone" preserve="all" />
    <type fullname="Envast.Views.Blocks.Concrete.DragImage.Slot" preserve="all" />
    <type fullname="Envast.Views.Blocks.Concrete.DragImage.SlotDropBlock" preserve="all" />
    <type fullname="Envast.Views.Blocks.Concrete.DragLetterFormWord.DraggableHolder" preserve="all" />
    <type fullname="Envast.Views.Blocks.Concrete.DragLetterFormWord.DragLetter" preserve="all" />
    <type fullname="Envast.Views.Blocks.Concrete.DragLetterFormWord.LetterSlot" preserve="all" />
    <type fullname="Envast.Views.Blocks.Concrete.DragOption" preserve="all" />
    <type fullname="Envast.Views.Blocks.Concrete.EmptyCharacterBlock" preserve="all" />
    <type fullname="Envast.Views.Blocks.Concrete.EmptyLine" preserve="all" />
    <type fullname="Envast.Views.Blocks.Concrete.ExpressionBlock" preserve="all" />
    <type fullname="Envast.Views.Blocks.Concrete.ExpressionElement" preserve="all" />
    <type fullname="Envast.Views.Blocks.Concrete.InputFieldBlock" preserve="all" />
    <type fullname="Envast.Views.Blocks.Concrete.LinkedZoneHolder" preserve="all" />
    <type fullname="Envast.Views.Blocks.Concrete.SelectableAudioBlock" preserve="all" />
    <type fullname="Envast.Views.Blocks.Concrete.SelectableCardBlock" preserve="all" />
    <type fullname="Envast.Views.Blocks.Concrete.SelectableImageBlock" preserve="all" />
    <type fullname="Envast.Views.Blocks.Concrete.SelectableNumberBlock" preserve="all" />
    <type fullname="Envast.Views.Blocks.Concrete.SelectablePhraseBlock" preserve="all" />
    <type fullname="Envast.Views.Blocks.Concrete.SelectableWordBlock" preserve="all" />
    <type fullname="Envast.Views.Blocks.Concrete.TargetLink" preserve="all" />
    <type fullname="Envast.Views.Blocks.Concrete.TextImageBlock" preserve="all" />
    <type fullname="Envast.Views.Blocks.Concrete.WordBlock" preserve="all" />
    <type fullname="Envast.Views.Blocks.FixedBlock" preserve="all" />
    <type fullname="Envast.Views.Blocks.PhraseBlock" preserve="all" />
    <type fullname="Envast.Views.Blocks.Setting.SlotDragSetting" preserve="all" />
    <type fullname="Envast.Views.EditMode.Components.CustomSelectableButton" preserve="all" />
    <type fullname="Envast.Views.EditMode.Components.CustomSelectableImageButton" preserve="all" />
    <type fullname="Envast.Views.EditMode.Components.DragBlock" preserve="all" />
    <type fullname="Envast.Views.EditMode.Components.OptionScroller" preserve="all" />
    <type fullname="Envast.Views.EditMode.QuizFields.Concrete.ArrowFieldBtn" preserve="all" />
    <type fullname="Envast.Views.EditMode.QuizFields.Concrete.ArrowsGenerator" preserve="all" />
    <type fullname="Envast.Views.EditMode.QuizFields.Concrete.ChildToggleImageField" preserve="all" />
    <type fullname="Envast.Views.EditMode.QuizFields.Concrete.ChildToggleTextField" preserve="all" />
    <type fullname="Envast.Views.EditMode.QuizFields.Concrete.ImageABField" preserve="all" />
    <type fullname="Envast.Views.EditMode.QuizFields.Concrete.ImageABTextABField" preserve="all" />
    <type fullname="Envast.Views.EditMode.QuizFields.Concrete.ImageField" preserve="all" />
    <type fullname="Envast.Views.EditMode.QuizFields.Concrete.ImageTextField" preserve="all" />
    <type fullname="Envast.Views.EditMode.QuizFields.Concrete.ParagraphField" preserve="all" />
    <type fullname="Envast.Views.EditMode.QuizFields.Concrete.ParentTextField" preserve="all" />
    <type fullname="Envast.Views.EditMode.QuizFields.Concrete.ParentToggleTextField" preserve="all" />
    <type fullname="Envast.Views.EditMode.QuizFields.Concrete.QF_TabC1.ExclusiveFieldTabC1" preserve="all" />
    <type fullname="Envast.Views.EditMode.QuizFields.Concrete.QF_TabC1.ParentToggle" preserve="all" />
    <type fullname="Envast.Views.EditMode.QuizFields.Concrete.SelectableArrow" preserve="all" />
    <type fullname="Envast.Views.EditMode.QuizFields.Concrete.TextField" preserve="all" />
    <type fullname="Envast.Views.EditMode.QuizFields.Concrete.TextTextField" preserve="all" />
    <type fullname="Envast.Views.EditMode.QuizFields.Concrete.ToggleField" preserve="all" />
    <type fullname="Envast.Views.EditMode.QuizFields.Concrete.ToggleFontField" preserve="all" />
    <type fullname="Envast.Views.EditMode.QuizFields.Concrete.ToggleImageField" preserve="all" />
    <type fullname="Envast.Views.EditMode.QuizFields.Concrete.ToggleTextField" preserve="all" />
    <type fullname="Envast.Views.PlayerViews.InGame.MathApproachVirtualKeyboard" preserve="all" />
    <type fullname="Envast.Views.PlayerViews.InGame.VirtualKeyboardDialog" preserve="all" />
    <type fullname="Envast.Views.PlayerViews.MainApp.States.Quizo.ItemsManager" preserve="all" />
    <type fullname="Envast.Views.PlayerViews.MainApp.States.Quizo.Quizo" preserve="all" />
    <type fullname="Envast.Views.PlayerViews.MainApp.States.Quizo.QuizoEventCarrier" preserve="all" />
    <type fullname="Envast.Views.PlayerViews.MainApp.States.Quizo.ResetTransitionState" preserve="all" />
    <type fullname="Envast.Views.PlayerViews.MainApp.States.Store.BankDialog" preserve="all" />
    <type fullname="Envast.Views.PlayerViews.MainApp.States.Store.BankErrandHelper" preserve="all" />
    <type fullname="Envast.Views.PlayerViews.MainApp.States.Store.DeliveryDialog" preserve="all" />
    <type fullname="Envast.Views.PlayerViews.MainApp.States.Store.GpgDialog" preserve="all" />
    <type fullname="Envast.Views.PlayerViews.MainApp.States.Store.JavaScriptHook" preserve="all" />
    <type fullname="Envast.Views.PlayerViews.MainApp.States.Store.MobileWebView" preserve="all" />
    <type fullname="Envast.Views.PlayerViews.MainApp.States.Store.PurchaseCodeDialog" preserve="all" />
    <type fullname="Envast.Views.PlayerViews.MainApp.States.Store.WebViewHandler" preserve="all" />
    <type fullname="Envast.Views.PlayerViews.MainApp.States.Store.WindowsWebView" preserve="all" />
    <type fullname="Envast.Views.Templates.Concrete.CompleteDialogPhraseTemplate" preserve="all" />
    <type fullname="Envast.Views.Templates.Concrete.CompleteFieldsTemplate" preserve="all" />
    <type fullname="Envast.Views.Templates.Concrete.CompleteParagraphBySentences" preserve="all" />
    <type fullname="Envast.Views.Templates.Concrete.CompleteParagraphByWriting" preserve="all" />
    <type fullname="Envast.Views.Templates.Concrete.Connect_Images.ConnectFontPhrasesTemplate" preserve="all" />
    <type fullname="Envast.Views.Templates.Concrete.Connect_Images.ConnectImagesTemplate" preserve="all" />
    <type fullname="Envast.Views.Templates.Concrete.Connect_Images.ConnectPhrasesTemplate" preserve="all" />
    <type fullname="Envast.Views.Templates.Concrete.Connect_Images.ConnectPhrasesTemplateSettings" preserve="all" />
    <type fullname="Envast.Views.Templates.Concrete.Connect_Images.LineHeader" preserve="all" />
    <type fullname="Envast.Views.Templates.Concrete.ConnectImageToTextSettings" preserve="all" />
    <type fullname="Envast.Views.Templates.Concrete.ConnectImageToTextTemplate" preserve="all" />
    <type fullname="Envast.Views.Templates.Concrete.CorrectMistakeTemplate" preserve="all" />
    <type fullname="Envast.Views.Templates.Concrete.CreateSummaryTemplate" preserve="all" />
    <type fullname="Envast.Views.Templates.Concrete.CrossWordTemplate" preserve="all" />
    <type fullname="Envast.Views.Templates.Concrete.DirectionArrowsTemplate" preserve="all" />
    <type fullname="Envast.Views.Templates.Concrete.DisassembleSentenceTemplate" preserve="all" />
    <type fullname="Envast.Views.Templates.Concrete.DragLetterFormWordTemplate" preserve="all" />
    <type fullname="Envast.Views.Templates.Concrete.DragMultipleImageTemplate" preserve="all" />
    <type fullname="Envast.Views.Templates.Concrete.FillInTablesSettings" preserve="all" />
    <type fullname="Envast.Views.Templates.Concrete.FillInTablesTemplate" preserve="all" />
    <type fullname="Envast.Views.Templates.Concrete.ForTestingTemplate" preserve="all" />
    <type fullname="Envast.Views.Templates.Concrete.InstallPhraseDialogTemplate" preserve="all" />
    <type fullname="Envast.Views.Templates.Concrete.InstallPhraseTemplate" preserve="all" />
    <type fullname="Envast.Views.Templates.Concrete.MatchCardsTemplate" preserve="all" />
    <type fullname="Envast.Views.Templates.Concrete.MathApproachTemplate" preserve="all" />
    <type fullname="Envast.Views.Templates.Concrete.NumericalExpressionsTemplate" preserve="all" />
    <type fullname="Envast.Views.Templates.Concrete.ReadTextSettings" preserve="all" />
    <type fullname="Envast.Views.Templates.Concrete.ReadTextTemplate" preserve="all" />
    <type fullname="Envast.Views.Templates.Concrete.SelectAudioTemplate" preserve="all" />
    <type fullname="Envast.Views.Templates.Concrete.SelectImageDialogTemplate" preserve="all" />
    <type fullname="Envast.Views.Templates.Concrete.SelectImageTemplate" preserve="all" />
    <type fullname="Envast.Views.Templates.Concrete.SelectNumberTemplate" preserve="all" />
    <type fullname="Envast.Views.Templates.Concrete.SelectOnImageTemplate" preserve="all" />
    <type fullname="Envast.Views.Templates.Concrete.SelectPhrasesTemplate" preserve="all" />
    <type fullname="Envast.Views.Templates.Concrete.SelectSentenceTemplate" preserve="all" />
    <type fullname="Envast.Views.Templates.Concrete.SelectWordsTemplate" preserve="all" />
    <type fullname="Envast.Views.Templates.Concrete.SelectZoneTemplate" preserve="all" />
    <type fullname="Envast.Views.Templates.Concrete.SettingsSlider" preserve="all" />
    <type fullname="Envast.Views.Templates.Concrete.SettingsSliderViewImage" preserve="all" />
    <type fullname="Envast.Views.Templates.Concrete.SortingImagesTemplate" preserve="all" />
    <type fullname="Envast.Views.Templates.Concrete.SortingNumbersTemplate" preserve="all" />
    <type fullname="Envast.Views.Templates.Concrete.SortingPhrasesTemplate" preserve="all" />
    <type fullname="Envast.Views.Templates.Concrete.StoryTemplate" preserve="all" />
    <type fullname="Envast.Views.Templates.Concrete.TextAndImageHolder" preserve="all" />
    <type fullname="Envast.Views.Templates.Concrete.TrueOrFalseImageTemplate" preserve="all" />
    <type fullname="Envast.Views.Templates.Concrete.TrueOrFalseTemplate" preserve="all" />
    <type fullname="Envast.Views.Templates.Concrete.ViewImageSettings" preserve="all" />
    <type fullname="Envast.Views.Templates.Concrete.ViewImageTemplate" preserve="all" />
    <type fullname="Envast.Views.Templates.Concrete.ViewPDFTemplate" preserve="all" />
    <type fullname="Envast.Views.Templates.Concrete.WriteExplanationTemplate" preserve="all" />
    <type fullname="Envast.Views.Templates.Concrete.WriteNumber.Key" preserve="all" />
    <type fullname="Envast.Views.Templates.Concrete.WriteNumber.WriteNumberTemplate" preserve="all" />
    <type fullname="Envast.Views.Templates.Concrete.WriteOnPictureTemplate" preserve="all" />
    <type fullname="Envast.Views.Templates.Concrete.WriteWordTemplate" preserve="all" />
    <type fullname="Envast.Views.Templates.Settings.CompleteFieldsTemplateSetting" preserve="all" />
    <type fullname="Envast.Views.Templates.Settings.SelectableTemplatesSettings" preserve="all" />
    <type fullname="Envast.Views.Templates.TextImageTemplateBody" preserve="all" />
    <type fullname="FreeModifier" preserve="all" />
    <type fullname="ICODES.STUDIO.WWebView.WWebView" preserve="all" />
    <type fullname="RoundModifier" preserve="all" />
    <type fullname="UnityEngine.UI.DropShadow" preserve="all" />
    <type fullname="UnityEngine.UI.Extensions.ReorderableList" preserve="all" />
    <type fullname="UnityEngine.UI.Extensions.UILineRenderer" preserve="all" />
    <type fullname="UnityEngine.UI.ProceduralImage.ProceduralImage" preserve="all" />
    <type fullname="Envast.Models.QuestionModel" preserve="nothing" serialized="true" />
    <type fullname="Envast.Models.QuizFieldModel" preserve="nothing" serialized="true" />
    <type fullname="Envast.Models.SituationModel" preserve="nothing" serialized="true" />
    <type fullname="Envast.Components.WordsHolder/ColorPalette" preserve="nothing" serialized="true" />
    <type fullname="Envast.Components.WordsInspector/ColorPalette" preserve="nothing" serialized="true" />
    <type fullname="Envast.Views.Blocks.Setting.SlotSettingsData" preserve="nothing" serialized="true" />
    <type fullname="Envast.Views.Templates.Concrete.Connect_Images.ConnectPhrasesSettingsData" preserve="nothing" serialized="true" />
    <type fullname="Envast.Views.Templates.Concrete.SettingsData" preserve="nothing" serialized="true" />
    <type fullname="Envast.Views.Templates.Concrete.ViewPDFTemplate/PdfLabel" preserve="nothing" serialized="true" />
    <type fullname="Envast.Views.Templates.Settings.SelectableSettingsData" preserve="nothing" serialized="true" />
    <type fullname="UnityEngine.UI.Extensions.ReorderableList/ReorderableListHandler" preserve="nothing" serialized="true" />
    <type fullname="Envast.Components.InGame.LanguageBasedLabel" preserve="nothing" serialized="true" />
    <type fullname="Envast.Views.PlayerViews.MainApp.States.Quizo.EquipmentHolder" preserve="nothing" serialized="true" />
    <type fullname="Envast.Views.PlayerViews.MainApp.States.Quizo.Quizo/KeysData" preserve="nothing" serialized="true" />
  </assembly>
  <assembly fullname="Paroxe.PDFRenderer, Version=0.0.0.0, Culture=neutral, PublicKeyToken=null">
    <type fullname="Paroxe.PDFRenderer.API.PDFViewer" preserve="all" />
    <type fullname="Paroxe.PdfRenderer.Internal.Viewer.PDFBookmarkListItem" preserve="all" />
    <type fullname="Paroxe.PdfRenderer.Internal.Viewer.PDFBookmarksViewer" preserve="all" />
    <type fullname="Paroxe.PdfRenderer.Internal.Viewer.PDFSearchPanel" preserve="all" />
    <type fullname="Paroxe.PdfRenderer.Internal.Viewer.PDFThumbnailItem" preserve="all" />
    <type fullname="Paroxe.PdfRenderer.Internal.Viewer.PDFThumbnailsViewer" preserve="all" />
    <type fullname="Paroxe.PdfRenderer.Internal.Viewer.PDFViewerInternal" preserve="all" />
    <type fullname="Paroxe.PdfRenderer.Internal.Viewer.PDFViewerLeftPanel" preserve="all" />
    <type fullname="Paroxe.PdfRenderer.Internal.Viewer.PDFViewerLeftPanelScrollbar" preserve="all" />
    <type fullname="Paroxe.PdfRenderer.Internal.Viewer.PDFViewerPage" preserve="all" />
    <type fullname="Paroxe.PdfRenderer.Internal.Viewer.PDFViewerSearchButton" preserve="all" />
    <type fullname="Paroxe.PdfRenderer.PDFAsset" preserve="all" />
    <type fullname="Paroxe.PdfRenderer.PDFRenderer/RenderSettings" preserve="nothing" serialized="true" />
  </assembly>
  <assembly fullname="UIEffect, Version=0.0.0.0, Culture=neutral, PublicKeyToken=null">
    <type fullname="Coffee.UIEffects.UIShadow" preserve="all" />
  </assembly>
  <assembly fullname="Unity.2D.Animation.Runtime, Version=0.0.0.0, Culture=neutral, PublicKeyToken=null">
    <type fullname="UnityEngine.U2D.Animation.SpriteSkin" preserve="all" />
  </assembly>
  <assembly fullname="Unity.Addressables, Version=0.0.0.0, Culture=neutral, PublicKeyToken=null" preserve="all">
    <type fullname="UnityEngine.AddressableAssets.Addressables" preserve="all" />
    <type fullname="UnityEngine.AddressableAssets.Initialization.CacheInitialization" preserve="all" />
    <type fullname="UnityEngine.AddressableAssets.Initialization.CacheInitializationData" preserve="all" />
  </assembly>
  <assembly fullname="Unity.ResourceManager, Version=0.0.0.0, Culture=neutral, PublicKeyToken=null" preserve="all">
    <type fullname="UnityEngine.ResourceManagement.ResourceProviders.AssetBundleProvider" preserve="all" />
    <type fullname="UnityEngine.ResourceManagement.ResourceProviders.AtlasSpriteProvider" preserve="all" />
    <type fullname="UnityEngine.ResourceManagement.ResourceProviders.BundledAssetProvider" preserve="all" />
    <type fullname="UnityEngine.ResourceManagement.ResourceProviders.InstanceProvider" preserve="all" />
    <type fullname="UnityEngine.ResourceManagement.ResourceProviders.LegacyResourcesProvider" preserve="all" />
    <type fullname="UnityEngine.ResourceManagement.ResourceProviders.SceneProvider" preserve="all" />
  </assembly>
  <assembly fullname="UnityEngine.AnimationModule, Version=0.0.0.0, Culture=neutral, PublicKeyToken=null">
    <type fullname="UnityEngine.AnimationClip" preserve="all" />
    <type fullname="UnityEngine.Animator" preserve="all" />
    <type fullname="UnityEngine.RuntimeAnimatorController" preserve="all" />
  </assembly>
  <assembly fullname="UnityEngine.AudioModule, Version=0.0.0.0, Culture=neutral, PublicKeyToken=null">
    <type fullname="UnityEngine.AudioClip" preserve="all" />
    <type fullname="UnityEngine.AudioSource" preserve="all" />
  </assembly>
  <assembly fullname="UnityEngine.CoreModule, Version=0.0.0.0, Culture=neutral, PublicKeyToken=null">
    <type fullname="UnityEngine.Camera" preserve="all" />
    <type fullname="UnityEngine.GameObject" preserve="all" />
    <type fullname="UnityEngine.Material" preserve="all" />
    <type fullname="UnityEngine.Object" preserve="all" />
    <type fullname="UnityEngine.RectTransform" preserve="all" />
    <type fullname="UnityEngine.RenderTexture" preserve="all" />
    <type fullname="UnityEngine.Shader" preserve="all" />
    <type fullname="UnityEngine.Sprite" preserve="all" />
    <type fullname="UnityEngine.SpriteRenderer" preserve="all" />
    <type fullname="UnityEngine.Texture2D" preserve="all" />
    <type fullname="UnityEngine.Transform" preserve="all" />
    <type fullname="UnityEngine.U2D.SpriteAtlas" preserve="all" />
    <type fullname="UnityEngine.Events.PersistentCallGroup" preserve="nothing" serialized="true" />
    <type fullname="UnityEngine.RectOffset" preserve="nothing" serialized="true" />
    <type fullname="UnityEngine.Events.ArgumentCache" preserve="nothing" serialized="true" />
    <type fullname="UnityEngine.Events.PersistentListenerMode" preserve="nothing" serialized="true" />
  </assembly>
  <assembly fullname="UnityEngine.Physics2DModule, Version=0.0.0.0, Culture=neutral, PublicKeyToken=null">
    <type fullname="UnityEngine.BoxCollider2D" preserve="all" />
    <type fullname="UnityEngine.CircleCollider2D" preserve="all" />
    <type fullname="UnityEngine.Rigidbody2D" preserve="all" />
  </assembly>
  <assembly fullname="UnityEngine.TextRenderingModule, Version=0.0.0.0, Culture=neutral, PublicKeyToken=null">
    <type fullname="UnityEngine.Font" preserve="all" />
  </assembly>
  <assembly fullname="UnityEngine.UI, Version=1.0.0.0, Culture=neutral, PublicKeyToken=null">
    <type fullname="UnityEngine.EventSystems.EventTrigger" preserve="all" />
    <type fullname="UnityEngine.UI.AspectRatioFitter" preserve="all" />
    <type fullname="UnityEngine.UI.Button" preserve="all" />
    <type fullname="UnityEngine.UI.CanvasScaler" preserve="all" />
    <type fullname="UnityEngine.UI.ContentSizeFitter" preserve="all" />
    <type fullname="UnityEngine.UI.GraphicRaycaster" preserve="all" />
    <type fullname="UnityEngine.UI.HorizontalLayoutGroup" preserve="all" />
    <type fullname="UnityEngine.UI.Image" preserve="all" />
    <type fullname="UnityEngine.UI.InputField" preserve="all" />
    <type fullname="UnityEngine.UI.LayoutElement" preserve="all" />
    <type fullname="UnityEngine.UI.Mask" preserve="all" />
    <type fullname="UnityEngine.UI.Outline" preserve="all" />
    <type fullname="UnityEngine.UI.RawImage" preserve="all" />
    <type fullname="UnityEngine.UI.Scrollbar" preserve="all" />
    <type fullname="UnityEngine.UI.ScrollRect" preserve="all" />
    <type fullname="UnityEngine.UI.Shadow" preserve="all" />
    <type fullname="UnityEngine.UI.Slider" preserve="all" />
    <type fullname="UnityEngine.UI.Text" preserve="all" />
    <type fullname="UnityEngine.UI.Toggle" preserve="all" />
    <type fullname="UnityEngine.UI.ToggleGroup" preserve="all" />
    <type fullname="UnityEngine.UI.VerticalLayoutGroup" preserve="all" />
    <type fullname="UnityEngine.UI.AnimationTriggers" preserve="nothing" serialized="true" />
    <type fullname="UnityEngine.UI.Button/ButtonClickedEvent" preserve="nothing" serialized="true" />
    <type fullname="UnityEngine.UI.ColorBlock" preserve="nothing" serialized="true" />
    <type fullname="UnityEngine.UI.FontData" preserve="nothing" serialized="true" />
    <type fullname="UnityEngine.UI.InputField/EndEditEvent" preserve="nothing" serialized="true" />
    <type fullname="UnityEngine.UI.InputField/OnChangeEvent" preserve="nothing" serialized="true" />
    <type fullname="UnityEngine.UI.InputField/SubmitEvent" preserve="nothing" serialized="true" />
    <type fullname="UnityEngine.UI.MaskableGraphic/CullStateChangedEvent" preserve="nothing" serialized="true" />
    <type fullname="UnityEngine.UI.Navigation" preserve="nothing" serialized="true" />
    <type fullname="UnityEngine.UI.ScrollRect/ScrollRectEvent" preserve="nothing" serialized="true" />
    <type fullname="UnityEngine.UI.Scrollbar/ScrollEvent" preserve="nothing" serialized="true" />
    <type fullname="UnityEngine.UI.SpriteState" preserve="nothing" serialized="true" />
    <type fullname="UnityEngine.UI.Toggle/ToggleEvent" preserve="nothing" serialized="true" />
    <type fullname="UnityEngine.EventSystems.EventTrigger/Entry" preserve="nothing" serialized="true" />
    <type fullname="UnityEngine.EventSystems.EventTrigger/TriggerEvent" preserve="nothing" serialized="true" />
    <type fullname="UnityEngine.UI.Slider/SliderEvent" preserve="nothing" serialized="true" />
  </assembly>
  <assembly fullname="UnityEngine.UIModule, Version=0.0.0.0, Culture=neutral, PublicKeyToken=null">
    <type fullname="UnityEngine.Canvas" preserve="all" />
    <type fullname="UnityEngine.CanvasGroup" preserve="all" />
    <type fullname="UnityEngine.CanvasRenderer" preserve="all" />
  </assembly>
  <assembly fullname="UniWebView-CSharp, Version=0.0.0.0, Culture=neutral, PublicKeyToken=null">
    <type fullname="UniWebView" preserve="all" />
  </assembly>
</linker>